age,Fcurrent,waa,waa.catch,maa,M,rel.abundant,ypr1.popeT,ypr1.popeF,spr
1,1,1,1,0,0.5,1,0.492295986,0.517913227,0
2,1,2,2,0.5,0.5,0.22313016,0.219692164,0.231124122,0.22313016
3,1,3,3,1,0.5,0.049787068,0.073529922,0.077356144,0.149361205
4,1,4,4,1,0.5,0.011108997,0.021875658,0.023013985,0.044435986
5,1,5,5,1,0.5,0.003190692,0.007853824,0.008262507,0.015953459