"","a","b","sd","rho"
"1",0.0293171033624483,47322.3942456353,0.257306775198936,0.122381078137349
