"","a","b","sd","rho"
"1",0.0345974190739588,6.21342179997025e-06,0.260845266196785,0.0257105645053597
