"","10%SPR","20%SPR","30%SPR","40%SPR","50%SPR","60%SPR","70%SPR","80%SPR","90%SPR"
"max",1.43460455078486,0.836364551423549,0.564866486271941,0.400031564858996,0.286136808258285,0.201389346556781,0.135212093652881,0.0817469436909487,0.0374426764990737
"mean",1.18974884287624,0.693615363714325,0.468456096876266,0.331754901477608,0.237299495769302,0.167016577427171,0.112134338259542,0.0677945233142928,0.0310520282502872
