"","a","b","sd","rho"
"1",0.0342525792811891,5.23983165585424e-06,0.260603639649757,0.0351591048155001
