"","a","b","sd","rho"
"1",0.0343351111232354,5.96226990311233e-06,0.260924900322736,0
