"","Fcurrent","Fmed","Flow","Fhigh","Fmax","F0.1","Fmean","FpSPR.10.SPR","FpSPR.20.SPR","FpSPR.30.SPR","FpSPR.40.SPR","FpSPR.50.SPR","FpSPR.60.SPR","FpSPR.70.SPR","FpSPR.80.SPR","FpSPR.90.SPR"
"max",1.30595206609643,1.33551386028189,1.63256962089443,1.05430435116066,0.70693802718961,0.395676210258664,1.39497912611196,1.43460455078486,0.836364551423549,0.564866486271941,0.400031564858996,0.286136808258285,0.201389346556781,0.135212093652881,0.0817469436909487,0.0374426764990737
"mean",1.08305453139683,1.10757077206137,1.35392559316182,0.87435759293146,0.586279124357927,0.328142910916707,1.15688661395937,1.18974884287624,0.693615363714325,0.468456096876266,0.331754901477608,0.237299495769302,0.167016577427171,0.112134338259542,0.0677945233142928,0.0310520282502872
"Fref/Fcur",1,1.02263620155204,1.25009919068031,0.807307081577686,0.541320041938975,0.302979121922418,1.06817023559038,1.09851240947379,0.640425152757324,0.432532327132313,0.306314125337475,0.219102075555932,0.154208834906741,0.103535265315701,0.0625956693305715,0.028670789281717
