"","a","b","sd","rho"
"1",0.0286153856397963,51935.4144757478,0.257553749113734,0
