"","a","b","sd","rho"
"1",0.0339058140212843,4.97389075312626e-06,0.260745222372818,0
